Packet Number,Data receive interval,Processing data time
2,0.07026410102844238,0.0013210773468017578
18,0.05334782600402832,0.004605770111083984
19,0.01877903938293457,0.0035440921783447266
20,0.004759550094604492,0.001954793930053711
21,0.00513911247253418,0.002501249313354492
22,0.010296821594238281,0.0032129287719726562
23,0.00480341911315918,0.002252817153930664
24,0.08480501174926758,0.002424955368041992
25,0.08016395568847656,0.0022971630096435547
26,0.22058463096618652,0.0038709640502929688
27,0.15881061553955078,0.0013005733489990234
28,0.029915809631347656,0.001901865005493164
29,0.10012698173522949,0.001931905746459961
30,0.1501312255859375,0.0017321109771728516
31,0.14997339248657227,0.0014798641204833984
32,0.10007119178771973,0.0014028549194335938
33,0.09996199607849121,0.015506982803344727
34,0.1005408763885498,0.0013811588287353516
35,0.08976864814758301,0.0013148784637451172
36,0.21022391319274902,0.0014116764068603516
37,0.16937875747680664,0.001361846923828125
38,0.020152568817138672,0.0013942718505859375
39,0.10980939865112305,0.007828474044799805
40,0.09014201164245605,0.0017867088317871094
41,0.20979094505310059,0.001955747604370117
42,0.09079432487487793,0.0013079643249511719
43,0.09937214851379395,0.0013909339904785156
44,0.09987807273864746,0.0013310909271240234
45,0.10071706771850586,0.0013751983642578125
46,0.19942235946655273,0.0017642974853515625
47,0.10073232650756836,0.001354217529296875
48,0.0995948314666748,0.013437986373901367
49,0.09954428672790527,0.0013308525085449219
50,0.10016107559204102,0.0014300346374511719
51,0.20000505447387695,0.001445770263671875
52,0.09991717338562012,0.0013918876647949219
53,0.10008692741394043,0.0014111995697021484
54,0.10977339744567871,0.0014367103576660156
55,0.0902090072631836,0.0016891956329345703
56,0.19998669624328613,0.0019562244415283203
57,0.13054656982421875,0.0013871192932128906
58,0.06945371627807617,0.001438140869140625
59,0.09990787506103516,0.0018146038055419922
60,0.10012245178222656,0.0074846744537353516
61,0.20148801803588867,0.0013866424560546875
62,0.12900996208190918,0.0015027523040771484
63,0.0695033073425293,0.0075376033782958984
64,0.10003423690795898,0.007502317428588867
65,0.10993170738220215,0.0015270709991455078
66,0.19997119903564453,0.0015463829040527344
67,0.11979556083679199,0.0014345645904541016
68,0.07023954391479492,0.0014030933380126953
69,0.10983061790466309,0.0013775825500488281
70,0.12099981307983398,0.0038650035858154297
71,0.07998442649841309,0.0043408870697021484
72,0.20001530647277832,0.0033812522888183594
73,0.09009218215942383,0.004532814025878906
74,0.09966874122619629,0.0025565624237060547
75,0.12031388282775879,0.0037975311279296875
76,0.08017206192016602,0.0043735504150390625
77,0.207763671875,0.0042345523834228516
78,0.0921022891998291,0.0037839412689208984
79,0.09990501403808594,0.027128934860229492
80,0.10729551315307617,0.0039708614349365234
81,0.0923926830291748,0.012238740921020508
82,0.2003617286682129,0.0030698776245117188
83,0.10035586357116699,0.003873109817504883
84,0.10028409957885742,0.0038995742797851562
85,0.09929728507995605,0.0033278465270996094
86,0.10030007362365723,0.0038230419158935547
87,0.2008509635925293,0.004022121429443359
88,0.09914159774780273,0.0040972232818603516
89,0.10010671615600586,0.003977060317993164
90,0.10041356086730957,0.003068685531616211
91,0.09899425506591797,0.0032129287719726562
92,0.20104074478149414,0.004860401153564453
93,0.09872031211853027,0.0027098655700683594
94,0.10035538673400879,0.03211855888366699
95,0.10019111633300781,0.0024259090423583984
96,0.09963726997375488,0.004839181900024414
97,0.2621135711669922,0.003926992416381836
98,0.038930654525756836,0.004004478454589844
99,0.10918092727661133,0.00400233268737793
100,0.1006019115447998,0.0033507347106933594
101,0.08960080146789551,0.014905929565429688
102,0.20018458366394043,0.00403594970703125
103,0.09982466697692871,0.0038597583770751953
104,0.10019207000732422,0.003973245620727539
105,0.09992337226867676,0.004584550857543945
106,0.10666561126708984,0.002676725387573242
107,0.19301629066467285,0.003615856170654297
108,0.1002342700958252,0.0038704872131347656
109,0.10969328880310059,0.020702838897705078
110,0.0906214714050293,0.01576519012451172
111,0.09929275512695312,0.0027942657470703125
112,0.23065829277038574,0.0047054290771484375
113,0.0698859691619873,0.0041387081146240234
114,0.09943056106567383,0.0028772354125976562
115,0.13115501403808594,0.00422358512878418
116,0.06959819793701172,0.0031037330627441406
117,0.23987317085266113,0.003258228302001953
118,0.06000375747680664,0.002862215042114258
119,0.10041594505310059,0.0034596920013427734
120,0.11042189598083496,0.003778696060180664
121,0.08912086486816406,0.004271507263183594
122,0.21973490715026855,0.015696048736572266
123,0.09026527404785156,0.0034742355346679688
124,0.0887908935546875,0.0015246868133544922
125,0.11001396179199219,0.014836549758911133
126,0.09190535545349121,0.0014486312866210938
127,0.20810866355895996,0.001898050308227539
128,0.09985709190368652,0.0015637874603271484
129,0.08995556831359863,0.0015184879302978516
130,0.11014437675476074,0.0018782615661621094
131,0.10146307945251465,0.0014395713806152344
132,0.19907569885253906,0.0016150474548339844
133,0.10999822616577148,0.0014793872833251953
134,0.07954835891723633,0.0014984607696533203
135,0.12015271186828613,0.0014123916625976562
136,0.09008145332336426,0.001547098159790039
137,0.18972063064575195,0.0018229484558105469
138,0.12014007568359375,0.0015707015991210938
139,0.08003997802734375,0.0015687942504882812
140,0.09993314743041992,0.014439582824707031
141,0.12011575698852539,0.0014691352844238281
142,0.17966890335083008,0.008775472640991211
143,0.11041784286499023,0.0014545917510986328
144,0.08975625038146973,0.0014967918395996094
145,0.1003878116607666,0.0016927719116210938
146,0.12958073616027832,0.001650094985961914
147,0.1705458164215088,0.0014963150024414062
148,0.10970330238342285,0.0015735626220703125
149,0.09006214141845703,0.0014848709106445312
150,0.0996239185333252,0.001468658447265625
151,0.1101067066192627,0.0015537738800048828
152,0.19007205963134766,0.0015354156494140625
153,0.11020421981811523,0.0015325546264648438
154,0.08970403671264648,0.0016341209411621094
155,0.0998847484588623,0.015606164932250977
156,0.10015678405761719,0.0015513896942138672
157,0.19999003410339355,0.00153350830078125
158,0.0998985767364502,0.001402139663696289
159,0.10012578964233398,0.0018074512481689453
160,0.09981966018676758,0.0014717578887939453
161,0.1006476879119873,0.0015079975128173828
162,0.1997673511505127,0.0021457672119140625
163,0.10972380638122559,0.007888317108154297
164,0.10002446174621582,0.0015749931335449219
165,0.09050226211547852,0.0015163421630859375
166,0.10019087791442871,0.0031821727752685547
167,0.20038270950317383,0.004550933837890625
168,0.1095120906829834,0.0032300949096679688
169,0.15061569213867188,0.004114866256713867
170,0.039955854415893555,0.003548145294189453
171,0.10979366302490234,0.03274893760681152
172,0.1897592544555664,0.0031919479370117188
173,0.10067915916442871,0.003564596176147461
174,0.09940361976623535,0.003180980682373047
175,0.10022616386413574,0.004074811935424805
176,0.10009551048278809,0.004717111587524414
177,0.19976043701171875,0.0035789012908935547
178,0.10006070137023926,0.003383159637451172
179,0.0999748706817627,0.004589080810546875
180,0.09997844696044922,0.0035974979400634766
181,0.09969377517700195,0.0031697750091552734
182,0.2001361846923828,0.0038123130798339844
183,0.1001429557800293,0.0035080909729003906
184,0.10000967979431152,0.018466711044311523
185,0.1002199649810791,0.003081798553466797
186,0.09961748123168945,0.032121896743774414
187,0.2003617286682129,0.0028777122497558594
188,0.10032033920288086,0.004158735275268555
189,0.09975099563598633,0.0039730072021484375
190,0.10017633438110352,0.0064046382904052734
191,0.09942340850830078,0.0036084651947021484
192,0.2105083465576172,0.004751920700073242
193,0.08968353271484375,0.0034956932067871094
194,0.12042856216430664,0.0036313533782958984
195,0.09968948364257812,0.0037908554077148438
196,0.09012556076049805,0.00549006462097168
197,0.21973967552185059,0.004209995269775391
198,0.0703885555267334,0.0042552947998046875
199,0.10944938659667969,0.0031392574310302734
200,0.11924600601196289,0.0016138553619384766
201,0.07024240493774414,0.015182256698608398
202,0.22983217239379883,0.0015451908111572266
203,0.06985902786254883,0.0014123916625976562
204,0.10889506340026855,0.0015516281127929688
205,0.10112547874450684,0.009049654006958008
206,0.09008145332336426,0.0014758110046386719
207,0.20984625816345215,0.0016632080078125
208,0.09006357192993164,0.0014584064483642578
209,0.10114455223083496,0.0014643669128417969
210,0.09887099266052246,0.001859426498413086
211,0.09995317459106445,0.0014891624450683594
212,0.2001361846923828,0.0016150474548339844
213,0.10046672821044922,0.0018322467803955078
214,0.10040140151977539,0.0015599727630615234
215,0.10091137886047363,0.0015301704406738281
216,0.09813523292541504,0.001573801040649414
217,0.21006321907043457,0.015461921691894531
218,0.09997296333312988,0.0015001296997070312
219,0.09000563621520996,0.0014400482177734375
220,0.09987640380859375,0.0021064281463623047
221,0.10004878044128418,0.0017905235290527344
222,0.20003128051757812,0.0014846324920654297
223,0.15014934539794922,0.001768350601196289
224,0.04996371269226074,0.001585245132446289
225,0.09983277320861816,0.008173704147338867
226,0.1401665210723877,0.001575469970703125
227,0.16017770767211914,0.0018398761749267578
228,0.10962915420532227,0.0015583038330078125
229,0.09010171890258789,0.0015978813171386719
230,0.10065674781799316,0.0021054744720458984
231,0.10932207107543945,0.001657247543334961
232,0.1908891201019287,0.02099609375
233,0.17927050590515137,0.0014019012451171875
234,0.020165205001831055,0.0014612674713134766
235,0.09982728958129883,0.001355886459350586
236,0.13015055656433105,0.0015206336975097656
237,0.17994976043701172,0.0017919540405273438
238,0.09004092216491699,0.0014476776123046875
239,0.09997892379760742,0.0014598369598388672
240,0.10054755210876465,0.0014481544494628906
241,0.09946942329406738,0.0014362335205078125
242,0.20132231712341309,0.0041501522064208984
243,0.11945319175720215,0.004117488861083984
244,0.07989382743835449,0.004558563232421875
245,0.09973621368408203,0.0033926963806152344
246,0.10996580123901367,0.01643514633178711
247,0.19018268585205078,0.03290104866027832
248,0.09962844848632812,0.00258636474609375
249,0.10021471977233887,0.003075838088989258
250,0.10137104988098145,0.003778219223022461
251,0.0989222526550293,0.00405120849609375
252,0.20003414154052734,0.004088401794433594
253,0.09998726844787598,0.0033979415893554688
254,0.0998075008392334,0.004197120666503906
255,0.10007929801940918,0.004076719284057617
256,0.09990191459655762,0.0029141902923583984
257,0.20024466514587402,0.003301382064819336
258,0.15963435173034668,0.003981590270996094
259,0.04021286964416504,0.003999233245849609
260,0.10010647773742676,0.003503084182739258
261,0.0997157096862793,0.0037994384765625
262,0.20033526420593262,0.021759986877441406
263,0.09942150115966797,0.01352238655090332
264,0.10121774673461914,0.0033638477325439453
265,0.09876108169555664,0.0030384063720703125
266,0.10070419311523438,0.012205362319946289
267,0.19963574409484863,0.004169940948486328
268,0.140153169631958,0.003835439682006836
269,0.05005669593811035,0.003961801528930664
270,0.10978412628173828,0.0034842491149902344
271,0.14012455940246582,0.003640890121459961
272,0.15996932983398438,0.004044055938720703
273,0.14972376823425293,0.0033075809478759766
274,0.050214290618896484,0.0035011768341064453
275,0.0995478630065918,0.002641439437866211
276,0.15064740180969238,0.004046440124511719
277,0.14974570274353027,0.0168302059173584
278,0.10011529922485352,0.01675128936767578
279,0.10025978088378906,0.0035681724548339844
280,0.08932995796203613,0.0032281875610351562
281,0.13008475303649902,0.0034418106079101562
282,0.18000292778015137,0.003270864486694336
283,0.12043619155883789,0.004022836685180664
284,0.07957577705383301,0.002824544906616211
285,0.10023903846740723,0.0038547515869140625
286,0.1102755069732666,0.004039287567138672
287,0.19044947624206543,0.019366025924682617
288,0.10885500907897949,0.0023636817932128906
289,0.14037132263183594,0.0035173892974853516
290,0.04036116600036621,0.003698587417602539
291,0.1199033260345459,0.003077983856201172
292,0.19034767150878906,0.004152059555053711
293,0.10989212989807129,0.03178000450134277
294,0.1096808910369873,0.0033905506134033203
295,0.07963180541992188,0.0025763511657714844
296,0.12081623077392578,0.003977537155151367
297,0.09928131103515625,0.0029578208923339844
298,0.18091344833374023,0.004553556442260742
299,0.1288306713104248,0.002797842025756836
300,0.06042909622192383,0.003060579299926758
301,0.11008095741271973,0.004102945327758789
302,0.12006902694702148,0.0033130645751953125
303,0.18019771575927734,0.004042863845825195
304,0.11961674690246582,0.004022359848022461
305,0.08036684989929199,0.004130125045776367
306,0.0993034839630127,0.002427816390991211
307,0.10102128982543945,0.0034601688385009766
308,0.1997520923614502,0.04904961585998535
309,0.09998440742492676,0.0020780563354492188
310,0.08968496322631836,0.0039179325103759766
311,0.11036920547485352,0.003582000732421875
312,0.1095423698425293,0.003912925720214844
313,0.1901392936706543,0.004033088684082031
314,0.10991883277893066,0.0033903121948242188
315,0.08989596366882324,0.0031359195709228516
316,0.10957026481628418,0.002781391143798828
317,0.09975528717041016,0.0017724037170410156
318,0.21028470993041992,0.001529693603515625
319,0.08963155746459961,0.001512765884399414
320,0.08041024208068848,0.0014812946319580078
321,0.09962844848632812,0.0015974044799804688
322,0.11055755615234375,0.001468658447265625
323,0.19946575164794922,0.009444952011108398
324,0.10795068740844727,0.00918722152709961
325,0.08211731910705566,0.0014903545379638672
326,0.09977316856384277,0.0014584064483642578
327,0.11018204689025879,0.0014536380767822266
328,0.1899733543395996,0.008874654769897461
329,0.11035966873168945,0.0017321109771728516
330,0.08995652198791504,0.0017516613006591797
331,0.10001564025878906,0.0018429756164550781
332,0.09953737258911133,0.0014882087707519531
333,0.20019793510437012,0.0017859935760498047
334,0.10022234916687012,0.001691579818725586
335,0.1000368595123291,0.0015146732330322266
336,0.10953783988952637,0.0013980865478515625
337,0.08992505073547363,0.0015578269958496094
338,0.11034154891967773,0.0014433860778808594
339,0.19019150733947754,0.017014503479003906
340,0.1095881462097168,0.001375436782836914
341,0.09049248695373535,0.0015146732330322266
342,0.09962153434753418,0.0015251636505126953
343,0.10986518859863281,0.0013594627380371094
344,0.1902463436126709,0.0015370845794677734
345,0.09973526000976562,0.001470327377319336
346,0.11015868186950684,0.0015265941619873047
347,0.09984469413757324,0.0017244815826416016
348,0.09018731117248535,0.001512289047241211
349,0.199951171875,0.009799957275390625
350,0.10030841827392578,0.0017778873443603516
351,0.10003066062927246,0.0016655921936035156
352,0.09966087341308594,0.0015058517456054688
353,0.10047125816345215,0.0014519691467285156
354,0.20986628532409668,0.01753973960876465
355,0.08962082862854004,0.001514434814453125
356,0.10038304328918457,0.0014743804931640625
357,0.10021305084228516,0.0013725757598876953
358,0.09978294372558594,0.0014562606811523438
359,0.20102715492248535,0.004181385040283203
360,0.09962105751037598,0.0034170150756835938
361,0.10999870300292969,0.0040090084075927734
362,0.09013724327087402,0.0040819644927978516
363,0.10964393615722656,0.004105091094970703
364,0.19040989875793457,0.004084110260009766
365,0.09989237785339355,0.003297567367553711
366,0.09994769096374512,0.0031058788299560547
367,0.09988951683044434,0.003212451934814453
368,0.1498117446899414,0.0036191940307617188
369,0.14976072311401367,0.014888525009155273
370,0.1405491828918457,0.030545949935913086
371,0.07988548278808594,0.0034592151641845703
372,0.07978057861328125,0.0029478073120117188
373,0.0996243953704834,0.0030584335327148438
374,0.20082807540893555,0.0040585994720458984
375,0.09939289093017578,0.003000020980834961
376,0.10064101219177246,0.004344463348388672
377,0.09981942176818848,0.003908395767211914
378,0.11985278129577637,0.003560781478881836
379,0.17998623847961426,0.004064798355102539
380,0.1001894474029541,0.0031349658966064453
381,0.11973357200622559,0.004198789596557617
382,0.08014464378356934,0.0037491321563720703
383,0.130598783493042,0.003944873809814453
384,0.1693260669708252,0.003954172134399414
385,0.1297914981842041,0.03012561798095703
386,0.09775018692016602,0.002507925033569336
387,0.07195925712585449,0.0032079219818115234
388,0.10115170478820801,0.0041768550872802734
389,0.1996762752532959,0.004136323928833008
390,0.10046792030334473,0.0035545825958251953
391,0.1091775894165039,0.01555013656616211
392,0.08973288536071777,0.0029206275939941406
393,0.11101245880126953,0.004004478454589844
394,0.18964385986328125,0.00414276123046875
395,0.10024523735046387,0.0034363269805908203
396,0.0998687744140625,0.004590272903442383
397,0.0992124080657959,0.0031783580780029297
398,0.10076308250427246,0.003123044967651367
399,0.19912981986999512,0.0028438568115234375
400,0.10129904747009277,0.03763151168823242
401,0.09885478019714355,0.0024557113647460938
402,0.12049555778503418,0.004499912261962891
403,0.0900106430053711,0.0031180381774902344
404,0.23010969161987305,0.0041882991790771484
405,0.05994296073913574,0.00404047966003418
406,0.10080099105834961,0.003900766372680664
407,0.12020611763000488,0.003837108612060547
408,0.07846641540527344,0.0027637481689453125
409,0.21930599212646484,0.0040493011474609375
410,0.08116412162780762,0.0034122467041015625
411,0.0999457836151123,0.004043102264404297
412,0.11951994895935059,0.009102344512939453
413,0.07952690124511719,0.0015583038330078125
414,0.19997215270996094,0.0015358924865722656
415,0.09997344017028809,0.009766101837158203
416,0.10033464431762695,0.009685993194580078
417,0.10960698127746582,0.0016884803771972656
418,0.09039092063903809,0.0015115737915039062
419,0.2197117805480957,0.0018725395202636719
420,0.07996416091918945,0.0015408992767333984
421,0.10058736801147461,0.0018181800842285156
422,0.09952044486999512,0.0017855167388916016
423,0.09989047050476074,0.0015332698822021484
424,0.2000584602355957,0.0015330314636230469
425,0.09977936744689941,0.0014388561248779297
426,0.10022926330566406,0.0014958381652832031
427,0.0998227596282959,0.0014379024505615234
428,0.10017251968383789,0.0015039443969726562
429,0.20048785209655762,0.0015528202056884766
430,0.09949254989624023,0.010186195373535156
431,0.10002946853637695,0.010000228881835938
432,0.11033058166503906,0.009750843048095703
433,0.08959531784057617,0.0014629364013671875
434,0.20008540153503418,0.0017077922821044922
435,0.10000014305114746,0.0014121532440185547
436,0.09999489784240723,0.0014705657958984375
437,0.09982132911682129,0.001753091812133789
438,0.10994720458984375,0.0017817020416259766
439,0.24018502235412598,0.0014874935150146484
440,0.05004596710205078,0.0015575885772705078
441,0.09997677803039551,0.001558542251586914
442,0.1499650478363037,0.0014841556549072266
443,0.05008959770202637,0.0014865398406982422
444,0.2499699592590332,0.001468658447265625
445,0.050225257873535156,0.009866714477539062
446,0.09981441497802734,0.010152816772460938
447,0.13992953300476074,0.0017402172088623047
448,0.0600430965423584,0.0015277862548828125
449,0.19994878768920898,0.0014944076538085938
450,0.10000205039978027,0.001508474349975586
451,0.09983372688293457,0.0018339157104492188
452,0.10062932968139648,0.0013823509216308594
453,0.099578857421875,0.009365320205688477
454,0.23064541816711426,0.003962278366088867
455,0.06983017921447754,0.002721548080444336
456,0.10067486763000488,0.004056692123413086
457,0.12974143028259277,0.004032135009765625
458,0.07056212425231934,0.0028030872344970703
459,0.24023890495300293,0.00413060188293457
460,0.059391021728515625,0.004064083099365234
461,0.09980964660644531,0.03269791603088379
462,0.10999727249145508,0.002389669418334961
463,0.10016727447509766,0.004135847091674805
464,0.19981932640075684,0.004311323165893555
465,0.13020873069763184,0.0039017200469970703
466,0.06001782417297363,0.004056215286254883
467,0.1192617416381836,0.0026826858520507812
468,0.10075640678405762,0.0045320987701416016
469,0.1900346279144287,0.004160404205322266
470,0.09001326560974121,0.0040204524993896484
471,0.10032105445861816,0.0036993026733398438
472,0.10939335823059082,0.0052030086517333984
473,0.0902397632598877,0.01696634292602539
474,0.21987080574035645,0.0031309127807617188
475,0.08939194679260254,0.002811908721923828
476,0.09050297737121582,0.032088279724121094
477,0.12958073616027832,0.003286123275756836
478,0.07034420967102051,0.0034317970275878906
479,0.2008192539215088,0.0048885345458984375
480,0.12882280349731445,0.002900362014770508
481,0.07055068016052246,0.004086732864379883
482,0.0999603271484375,0.003977298736572266
483,0.09993600845336914,0.0027468204498291016
484,0.2004528045654297,0.0042078495025634766
485,0.0993494987487793,0.0038537979125976562
486,0.10003852844238281,0.003538370132446289
487,0.09974122047424316,0.0025224685668945312
488,0.10056257247924805,0.004192352294921875
489,0.20059967041015625,0.004941225051879883
490,0.10696125030517578,0.0030188560485839844
491,0.10220122337341309,0.01899123191833496
492,0.09959053993225098,0.014273643493652344
493,0.0901331901550293,0.003439664840698242
494,0.21050524711608887,0.01927661895751953
495,0.1000819206237793,0.002855539321899414
496,0.08963608741760254,0.0034055709838867188
497,0.10028815269470215,0.004000663757324219
498,0.10021066665649414,0.002711057662963867
499,0.19987773895263672,0.004097461700439453
500,0.09958004951477051,0.002951383590698242
501,0.10005068778991699,0.004040241241455078
502,0.10019350051879883,0.0037064552307128906
503,0.09970855712890625,0.0028192996978759766
504,0.20046210289001465,0.0053293704986572266
505,0.09995365142822266,0.0046079158782958984
506,0.09946703910827637,0.002670764923095703
507,0.10009574890136719,0.037116050720214844
508,0.1001579761505127,0.003451108932495117
509,0.19919705390930176,0.0015020370483398438
510,0.1007699966430664,0.0013880729675292969
511,0.0997459888458252,0.0014431476593017578
512,0.09966540336608887,0.0014531612396240234
513,0.09983515739440918,0.0015709400177001953
514,0.20032143592834473,0.0014908313751220703
515,0.09965920448303223,0.009705066680908203
516,0.1007544994354248,0.001434326171875
517,0.0991053581237793,0.0014200210571289062
518,0.10050296783447266,0.0015006065368652344
519,0.19963407516479492,0.001811981201171875
520,0.10030579566955566,0.0014922618865966797
521,0.09971833229064941,0.001558065414428711
522,0.10025167465209961,0.02081155776977539
523,0.10003876686096191,0.0015363693237304688
524,0.1996474266052246,0.0019173622131347656
525,0.09990358352661133,0.0014829635620117188
526,0.11081814765930176,0.00145721435546875
527,0.08914375305175781,0.0014426708221435547
528,0.10014486312866211,0.0015146732330322266
529,0.19977617263793945,0.0018210411071777344
530,0.1002359390258789,0.0015530586242675781
531,0.11997795104980469,0.0015513896942138672
532,0.07995295524597168,0.0014805793762207031
533,0.11006021499633789,0.0014646053314208984
534,0.18999123573303223,0.0015578269958496094
535,0.09984827041625977,0.0014507770538330078
536,0.16984868049621582,0.010085344314575195
537,0.030225276947021484,0.02282261848449707
538,0.1000676155090332,0.0015532970428466797
539,0.10061144828796387,0.0013530254364013672
540,0.1994326114654541,0.0014929771423339844
541,0.09981346130371094,0.0016560554504394531
542,0.09985566139221191,0.0018012523651123047
543,0.10016655921936035,0.0014600753784179688
544,0.10016298294067383,0.0015130043029785156
545,0.19999909400939941,0.0015263557434082031
546,0.10030031204223633,0.001767873764038086
547,0.0996999740600586,0.0017926692962646484
548,0.09988069534301758,0.0015120506286621094
549,0.10019183158874512,0.0015375614166259766
550,0.20039701461791992,0.002826213836669922
551,0.10070300102233887,0.004076719284057617
552,0.09990191459655762,0.0041353702545166016
553,0.09998822212219238,0.038967132568359375
554,0.13997554779052734,0.002724885940551758
555,0.15039324760437012,0.0036683082580566406
556,0.14938902854919434,0.0201876163482666
557,0.07028460502624512,0.003918886184692383
558,0.08930730819702148,0.0030286312103271484
559,0.11118102073669434,0.0031566619873046875
560,0.19993019104003906,0.003523111343383789
561,0.10969877243041992,0.003968954086303711
562,0.1299571990966797,0.0040013790130615234
563,0.04989790916442871,0.004416465759277344
564,0.1297762393951416,0.0036025047302246094
565,0.15966796875,0.003167867660522461
566,0.1303713321685791,0.003421306610107422
567,0.0898590087890625,0.003072500228881836
568,0.08987832069396973,0.03864741325378418
569,0.12044954299926758,0.0024285316467285156
570,0.1800997257232666,0.004026174545288086
571,0.11998796463012695,0.004556417465209961
572,0.07997584342956543,0.003555774688720703
573,0.09963512420654297,0.0033719539642333984
574,0.10030436515808105,0.004018306732177734
575,0.18970203399658203,0.0035393238067626953
576,0.11024785041809082,0.004362344741821289
577,0.09971094131469727,0.01642322540283203
578,0.09980630874633789,0.002959728240966797
579,0.10080599784851074,0.0029647350311279297
580,0.19994378089904785,0.0051305294036865234
581,0.10970091819763184,0.0031180381774902344
582,0.08974432945251465,0.0029337406158447266
583,0.11001229286193848,0.034421682357788086
584,0.09979033470153809,0.0025064945220947266
585,0.22027277946472168,0.004069089889526367
586,0.060175180435180664,0.003821849822998047
587,0.1399376392364502,0.0034399032592773438
588,0.09021472930908203,0.0048160552978515625
589,0.0897970199584961,0.0040166378021240234
590,0.1900627613067627,0.0035545825958251953
591,0.09967422485351562,0.0034797191619873047
592,0.10033297538757324,0.0035407543182373047
593,0.0997016429901123,0.003082275390625
594,0.10018682479858398,0.0040264129638671875
595,0.20009350776672363,0.003610849380493164
596,0.11065363883972168,0.004438638687133789
597,0.09018588066101074,0.004133701324462891
598,0.11960840225219727,0.020450830459594727
599,0.07977652549743652,0.03387928009033203
600,0.19947552680969238,0.003131866455078125
601,0.10051107406616211,0.003950595855712891
602,0.10000109672546387,0.004018545150756836
603,0.09975552558898926,0.0031728744506835938
604,0.09956669807434082,0.0022690296173095703
605,0.10939598083496094,0.0017101764678955078
606,0.18018579483032227,0.0017292499542236328
607,0.10053896903991699,0.0015282630920410156
608,0.09990882873535156,0.0017368793487548828
609,0.09956979751586914,0.0015065670013427734
610,0.2102363109588623,0.0017728805541992188
611,0.10036420822143555,0.0016663074493408203
612,0.08940553665161133,0.0015077590942382812
613,0.10983562469482422,0.0015141963958740234
614,0.10023808479309082,0.021858692169189453
615,0.20989155769348145,0.0014598369598388672
616,0.08033537864685059,0.0016603469848632812
617,0.10953402519226074,0.0014729499816894531
618,0.0999915599822998,0.0014526844024658203
619,0.0901651382446289,0.010228395462036133
620,0.21997284889221191,0.001483917236328125
621,0.09001851081848145,0.0015521049499511719
622,0.09000968933105469,0.0015282630920410156
623,0.09985899925231934,0.0016765594482421875
624,0.1004188060760498,0.0015139579772949219
625,0.19968891143798828,0.0014925003051757812
626,0.10027933120727539,0.0014176368713378906
627,0.0997920036315918,0.0015025138854980469
628,0.09995603561401367,0.0017399787902832031
629,0.09983563423156738,0.021786928176879883
630,0.23814129829406738,0.0019223690032958984
631,0.06233620643615723,0.0014519691467285156
632,0.09969425201416016,0.001453399658203125
633,0.09987902641296387,0.0015652179718017578
634,0.10012149810791016,0.0016121864318847656
635,0.19996380805969238,0.0015246868133544922
636,0.09995198249816895,0.0015020370483398438
637,0.10038185119628906,0.0014927387237548828
638,0.11010575294494629,0.0015103816986083984
639,0.08959698677062988,0.010265350341796875
640,0.21001815795898438,0.0017910003662109375
641,0.08990645408630371,0.0014390945434570312
642,0.10008597373962402,0.0014352798461914062
643,0.11974453926086426,0.0013935565948486328
644,0.08024954795837402,0.021047115325927734
645,0.24999070167541504,0.0018651485443115234
646,0.05998516082763672,0.0015873908996582031
647,0.09115314483642578,0.0031418800354003906
648,0.13045024871826172,0.004102230072021484
649,0.06948709487915039,0.004027605056762695
650,0.22921180725097656,0.0032677650451660156
651,0.07073974609375,0.003979921340942383
652,0.10006093978881836,0.0040874481201171875
653,0.09995365142822266,0.003246784210205078
654,0.09981083869934082,0.004058361053466797
655,0.23032236099243164,0.0051593780517578125
656,0.06946253776550293,0.0035424232482910156
657,0.09994077682495117,0.002811431884765625
658,0.13044118881225586,0.004627704620361328
659,0.06929421424865723,0.01749444007873535
660,0.21036291122436523,0.03991818428039551
661,0.1300344467163086,0.0023605823516845703
662,0.05962347984313965,0.002536296844482422
663,0.12946677207946777,0.00404047966003418
664,0.1111752986907959,0.0040814876556396484
665,0.16999459266662598,0.004009246826171875
666,0.10898494720458984,0.0042264461517333984
667,0.0810387134552002,0.0027718544006347656
668,0.1196448802947998,0.0040929317474365234
669,0.08007001876831055,0.0037755966186523438
670,0.21083807945251465,0.0040283203125
671,0.09940862655639648,0.003991842269897461
672,0.09001827239990234,0.004210472106933594
673,0.11962652206420898,0.003344297409057617
674,0.10036158561706543,0.003983497619628906
675,0.1895897388458252,0.034516096115112305
676,0.1294727325439453,0.002477884292602539
677,0.06096148490905762,0.0040454864501953125
678,0.09997129440307617,0.004048824310302734
679,0.09998917579650879,0.0032646656036376953
680,0.2000110149383545,0.02448749542236328
681,0.09959745407104492,0.0030210018157958984
682,0.09993362426757812,0.0030341148376464844
683,0.10263729095458984,0.0038785934448242188
684,0.09782218933105469,0.0031371116638183594
685,0.2100510597229004,0.004171133041381836
686,0.0897986888885498,0.0035271644592285156
687,0.13034534454345703,0.004054069519042969
688,0.07970619201660156,0.0039675235748291016
689,0.10976314544677734,0.004072427749633789
690,0.18084120750427246,0.038596391677856445
691,0.1105501651763916,0.002864360809326172
692,0.11751008033752441,0.004519939422607422
693,0.07195353507995605,0.003714323043823242
694,0.10901618003845215,0.0027239322662353516
695,0.20053482055664062,0.004102230072021484
696,0.08984017372131348,0.003592252731323242
697,0.09997987747192383,0.003574848175048828
698,0.0998678207397461,0.003938198089599609
699,0.10013961791992188,0.003237485885620117
700,0.19982671737670898,0.0024902820587158203
701,0.09929227828979492,0.010613203048706055
702,0.11106538772583008,0.0015025138854980469
703,0.08884286880493164,0.0013782978057861328
704,0.11016488075256348,0.0015435218811035156
705,0.19008898735046387,0.012972354888916016
706,0.09993982315063477,0.01172947883605957
707,0.11001276969909668,0.0015437602996826172
708,0.09004712104797363,0.0015530586242675781
709,0.10974264144897461,0.0014019012451171875
710,0.19018244743347168,0.0017592906951904297
711,0.09985756874084473,0.0014841556549072266
712,0.12017273902893066,0.0015132427215576172
713,0.08980393409729004,0.0015189647674560547
714,0.09015822410583496,0.0014965534210205078
715,0.2002725601196289,0.0018472671508789062
716,0.09980368614196777,0.0016748905181884766
717,0.09993338584899902,0.0015277862548828125
718,0.10003447532653809,0.0013561248779296875
719,0.0999002456665039,0.0014543533325195312
720,0.20010089874267578,0.011883735656738281
721,0.10006237030029297,0.011741876602172852
722,0.1002342700958252,0.010689020156860352
723,0.09988713264465332,0.0013761520385742188
724,0.10009455680847168,0.0014312267303466797
725,0.19995546340942383,0.0014858245849609375
726,0.10005736351013184,0.0014731884002685547
727,0.1500096321105957,0.0017511844635009766
728,0.05024361610412598,0.0013647079467773438
729,0.09975600242614746,0.0014324188232421875
730,0.19997310638427734,0.00183868408203125
731,0.10001969337463379,0.0014657974243164062
732,0.09966039657592773,0.0018935203552246094
733,0.0998983383178711,0.0014345645904541016
734,0.10987687110900879,0.001554250717163086
735,0.20023632049560547,0.0015482902526855469
736,0.10034966468811035,0.022181272506713867
737,0.1401987075805664,0.0014615058898925781
738,0.04931211471557617,0.0014433860778808594
739,0.10016775131225586,0.0014853477478027344
740,0.21028614044189453,0.0014600753784179688
741,0.0899345874786377,0.0014653205871582031
742,0.10008740425109863,0.0014524459838867188
743,0.10015201568603516,0.0207064151763916
744,0.1006171703338623,0.003452301025390625
745,0.19974684715270996,0.003965854644775391
746,0.1000208854675293,0.0035369396209716797
747,0.12769317626953125,0.0035393238067626953
748,0.07216429710388184,0.0034685134887695312
749,0.09995079040527344,0.0037255287170410156
750,0.19991731643676758,0.003148317337036133
751,0.09993600845336914,0.02267599105834961
752,0.14052772521972656,0.018804550170898438
753,0.059494733810424805,0.0028793811798095703
754,0.10018563270568848,0.0028295516967773438
755,0.23042654991149902,0.0049359798431396484
756,0.06962418556213379,0.003551006317138672
757,0.12010908126831055,0.0035631656646728516
758,0.09001517295837402,0.0034809112548828125
759,0.09026908874511719,0.0031409263610839844
760,0.20960378646850586,0.004114866256713867
761,0.08977913856506348,0.003269195556640625
762,0.11093401908874512,0.00452876091003418
763,0.09902477264404297,0.017415285110473633
764,0.10021138191223145,0.0030803680419921875
765,0.20992255210876465,0.0037081241607666016
766,0.08185529708862305,0.018784046173095703
767,0.10788679122924805,0.0185089111328125
768,0.12078619003295898,0.002897500991821289
769,0.06951117515563965,0.0030655860900878906
770,0.21935057640075684,0.004111528396606445
771,0.08090496063232422,0.004029035568237305
772,0.11022543907165527,0.004704952239990234
773,0.08978486061096191,0.004014492034912109
774,0.09959650039672852,0.002841472625732422
775,0.20038318634033203,0.00305938720703125
776,0.09971094131469727,0.004074811935424805
777,0.10090517997741699,0.0035178661346435547
778,0.09911632537841797,0.00376129150390625
779,0.1304919719696045,0.0045166015625
780,0.17033147811889648,0.0033936500549316406
781,0.13926053047180176,0.020789623260498047
782,0.06017732620239258,0.020354747772216797
783,0.10960674285888672,0.002913236618041992
784,0.09004712104797363,0.016179800033569336
785,0.21050214767456055,0.004074573516845703
786,0.08961296081542969,0.003903627395629883
787,0.10011792182922363,0.0034360885620117188
788,0.09978652000427246,0.0033974647521972656
789,0.10038304328918457,0.004105329513549805
790,0.19994091987609863,0.004128456115722656
791,0.12070226669311523,0.00453948974609375
792,0.07908415794372559,0.0031456947326660156
793,0.10060453414916992,0.0038051605224609375
794,0.10976815223693848,0.004057884216308594
795,0.1907970905303955,0.0041370391845703125
796,0.11692070960998535,0.0017936229705810547
797,0.0814969539642334,0.0240628719329834
798,0.09954285621643066,0.001394510269165039
799,0.10059452056884766,0.0014314651489257812
800,0.19981646537780762,0.0017895698547363281
801,0.1004936695098877,0.0013613700866699219
802,0.10955500602722168,0.0014331340789794922
803,0.0898582935333252,0.0013995170593261719
804,0.11994242668151855,0.013169050216674805
805,0.18997931480407715,0.0018696784973144531
806,0.09026861190795898,0.001504659652709961
807,0.09968829154968262,0.0014731884002685547
808,0.10080504417419434,0.0013759136199951172
809,0.0995023250579834,0.0014727115631103516
810,0.19960832595825195,0.0015683174133300781
811,0.09987092018127441,0.0013968944549560547
812,0.09993147850036621,0.0232236385345459
813,0.10012125968933105,0.0014302730560302734
814,0.16011834144592285,0.0018048286437988281
815,0.13997507095336914,0.0014641284942626953
816,0.10094976425170898,0.0014843940734863281
817,0.09903621673583984,0.0018410682678222656
818,0.09999871253967285,0.0014564990997314453
819,0.16974639892578125,0.0015139579772949219
820,0.13026642799377441,0.0014927387237548828
821,0.09985709190368652,0.0014736652374267578
822,0.10024785995483398,0.001500844955444336
823,0.0997781753540039,0.0014290809631347656
824,0.10013914108276367,0.0014634132385253906
825,0.1998157501220703,0.011417388916015625
826,0.10015749931335449,0.001409769058227539
827,0.10004997253417969,0.01237797737121582
828,0.09988808631896973,0.01247096061706543
829,0.14012813568115234,0.0014715194702148438
830,0.16003131866455078,0.0018968582153320312
831,0.14981341361999512,0.0017206668853759766
832,0.0504155158996582,0.0014755725860595703
833,0.09953808784484863,0.0014028549194335938
834,0.13013958930969238,0.0018911361694335938
835,0.17006182670593262,0.0015125274658203125
836,0.12990665435791016,0.0015234947204589844
837,0.07007694244384766,0.0014655590057373047
838,0.09977483749389648,0.003060579299926758
839,0.12089920043945312,0.0045757293701171875
840,0.1797926425933838,0.0029020309448242188
841,0.13306617736816406,0.004483461380004883
842,0.07694768905639648,0.002725362777709961
843,0.09035134315490723,0.043160200119018555
844,0.1301107406616211,0.002561807632446289
845,0.17030596733093262,0.004111051559448242
846,0.12973761558532715,0.0220644474029541
847,0.0700070858001709,0.004048824310302734
848,0.09949016571044922,0.002658367156982422
849,0.10100030899047852,0.004559516906738281
850,0.1989879608154297,0.0028848648071289062
851,0.10006499290466309,0.004027843475341797
852,0.14011621475219727,0.003313779830932617
853,0.060102224349975586,0.003535747528076172
854,0.11000490188598633,0.0033576488494873047
855,0.19021391868591309,0.004647970199584961
856,0.10947132110595703,0.0026955604553222656
857,0.0901498794555664,0.0039937496185302734
858,0.11073088645935059,0.048577070236206055
859,0.10959720611572266,0.0023887157440185547
860,0.22006440162658691,0.004317760467529297
861,0.04981422424316406,0.003267049789428711
862,0.1302168369293213,0.004075765609741211
863,0.07960033416748047,0.0034058094024658203
864,0.09998750686645508,0.0046329498291015625
865,0.2199416160583496,0.0047457218170166016
866,0.08051228523254395,0.021881580352783203
867,0.09934616088867188,0.002521514892578125
868,0.10008025169372559,0.002924203872680664
869,0.10049843788146973,0.004775285720825195
870,0.19981050491333008,0.003580808639526367
871,0.10045051574707031,0.003977537155151367
872,0.09972906112670898,0.0035114288330078125
873,0.12036538124084473,0.04349493980407715
874,0.07964205741882324,0.004133462905883789
875,0.22962450981140137,0.003053426742553711
876,0.07029962539672852,0.004276752471923828
877,0.10047006607055664,0.003957509994506836
878,0.10951399803161621,0.0037992000579833984
879,0.09014368057250977,0.004185199737548828
880,0.21006417274475098,0.005225419998168945
881,0.07977581024169922,0.003493070602416992
882,0.10976529121398926,0.0030791759490966797
883,0.10036158561706543,0.004698038101196289
884,0.09970521926879883,0.0024225711822509766
885,0.200852632522583,0.0045511722564697266
886,0.09932494163513184,0.0027801990509033203
887,0.0996255874633789,0.016825437545776367
888,0.13001561164855957,0.0029277801513671875
889,0.07011985778808594,0.03828883171081543
890,0.22986555099487305,0.004024505615234375
891,0.060498714447021484,0.003895998001098633
892,0.10076618194580078,0.003070831298828125
893,0.0982367992401123,0.0015230178833007812
894,0.10997247695922852,0.0015048980712890625
895,0.2000737190246582,0.0015010833740234375
896,0.09981918334960938,0.0014863014221191406
897,0.09041619300842285,0.0014986991882324219
898,0.09971857070922852,0.0015041828155517578
899,0.1001424789428711,0.0015218257904052734
900,0.2099924087524414,0.0017819404602050781
901,0.09183144569396973,0.0014193058013916016
902,0.09814000129699707,0.0015780925750732422
903,0.10977578163146973,0.0017740726470947266
904,0.09003615379333496,0.025362730026245117
905,0.2201542854309082,0.0019428730010986328
906,0.0899510383605957,0.0014503002166748047
907,0.09005975723266602,0.001501321792602539
908,0.09979724884033203,0.011661052703857422
909,0.1002202033996582,0.0014920234680175781
910,0.20968937873840332,0.001512765884399414
911,0.10024166107177734,0.0014681816101074219
912,0.10007929801940918,0.0014765262603759766
913,0.1699821949005127,0.0014598369598388672
914,0.019995927810668945,0.0015044212341308594
915,0.24997520446777344,0.0015077590942382812
916,0.049799203872680664,0.0014843940734863281
917,0.1002500057220459,0.0015032291412353516
918,0.13984060287475586,0.0017066001892089844
919,0.060143470764160156,0.024504899978637695
920,0.24029326438903809,0.001874685287475586
921,0.06971192359924316,0.0016334056854248047
922,0.09025025367736816,0.0015692710876464844
923,0.1500093936920166,0.0013895034790039062
924,0.0500030517578125,0.0014879703521728516
925,0.2097020149230957,0.0015137195587158203
926,0.08999228477478027,0.0015337467193603516
927,0.10005569458007812,0.0015530586242675781
928,0.10977888107299805,0.0013861656188964844
929,0.08990859985351562,0.011820316314697266
930,0.20078635215759277,0.0019371509552001953
931,0.09946441650390625,0.0015857219696044922
932,0.09990096092224121,0.0015184879302978516
933,0.14042115211486816,0.0015342235565185547
934,0.05985665321350098,0.0014314651489257812
935,0.2311420440673828,0.04668784141540527
936,0.07925057411193848,0.0037877559661865234
937,0.09943771362304688,0.0014536380767822266
938,0.12981724739074707,0.001834869384765625
939,0.060185909271240234,0.0015654563903808594
940,0.21048235893249512,0.0015270709991455078
941,0.11983203887939453,0.0014967918395996094
942,0.06947779655456543,0.0015881061553955078
943,0.12041664123535156,0.0015478134155273438
944,0.09020423889160156,0.0014061927795410156
945,0.2100510597229004,0.001514434814453125
946,0.1293783187866211,0.0014543533325195312
947,0.060150146484375,0.002039670944213867
948,0.09993886947631836,0.0014767646789550781
949,0.09971857070922852,0.011818408966064453
950,0.21081924438476562,0.02492976188659668
951,0.08950972557067871,0.0014367103576660156
952,0.09005999565124512,0.001474618911743164
953,0.11992263793945312,0.0017483234405517578
954,0.09987568855285645,0.0014142990112304688
955,0.17992568016052246,0.002057313919067383
956,0.12016534805297852,0.00151824951171875
957,0.08007526397705078,0.0015079975128173828
958,0.10040497779846191,0.0014007091522216797
959,0.11957406997680664,0.0015075206756591797
960,0.1799781322479248,0.0015764236450195312
961,0.10051846504211426,0.001497030258178711
962,0.09983015060424805,0.0014493465423583984
963,0.10013127326965332,0.001445770263671875
964,0.0995645523071289,0.0015060901641845703
965,0.21004772186279297,0.025174379348754883
966,0.09990644454956055,0.0014314651489257812
967,0.13004159927368164,0.0014984607696533203
968,0.059777021408081055,0.001386880874633789
969,0.11072921752929688,0.0014317035675048828
970,0.18946266174316406,0.012259244918823242
971,0.11997222900390625,0.0015301704406738281
972,0.10005855560302734,0.0019426345825195312
973,0.0799860954284668,0.0015544891357421875
974,0.09996438026428223,0.0015108585357666016
975,0.21035408973693848,0.0015254020690917969
976,0.10953950881958008,0.0014300346374511719
977,0.08016633987426758,0.0015103816986083984
978,0.09996795654296875,0.0014138221740722656
979,0.11107826232910156,0.004144906997680664
980,0.19994688034057617,0.04877614974975586
981,0.08979916572570801,0.0041654109954833984
982,0.12947487831115723,0.003970146179199219
983,0.07062911987304688,0.0037419795989990234
984,0.10039401054382324,0.0034182071685791016
985,0.1998000144958496,0.004023075103759766
986,0.10037684440612793,0.0038280487060546875
987,0.10008692741394043,0.004069328308105469
988,0.09970879554748535,0.0026264190673828125
989,0.09966254234313965,0.0020406246185302734
990,0.20050835609436035,0.013281106948852539
991,0.09862256050109863,0.0015404224395751953
992,0.11000275611877441,0.0014641284942626953
993,0.08984971046447754,0.0014414787292480469
994,0.09991788864135742,0.0015056133270263672
995,0.200775146484375,0.013895750045776367
996,0.09970378875732422,0.013406753540039062
997,0.11029744148254395,0.0017914772033691406
998,0.0902256965637207,0.001394510269165039
999,0.09951639175415039,0.0014462471008300781
1000,0.20055055618286133,0.001470804214477539
1001,0.0997929573059082,0.001481771469116211
1002,0.17938542366027832,0.0015289783477783203
1003,0.020112991333007812,0.0014023780822753906
1004,0.09985566139221191,0.0015270709991455078
1005,0.20031332969665527,0.0019125938415527344
1006,0.09966015815734863,0.0015597343444824219
1007,0.09983539581298828,0.0015382766723632812
1008,0.10003924369812012,0.0018470287322998047
1009,0.1001882553100586,0.001558065414428711
1010,0.19997096061706543,0.0017886161804199219
1011,0.0999765396118164,0.03584718704223633
1012,0.14007782936096191,0.001486063003540039
1013,0.05988907814025879,0.0015063285827636719
1014,0.10035037994384766,0.0015146732330322266
1015,0.1997220516204834,0.0015263557434082031
1016,0.09983539581298828,0.0014333724975585938
1017,0.1401958465576172,0.0015289783477783203
1018,0.05982327461242676,0.0014147758483886719
1019,0.10020112991333008,0.0015339851379394531
1020,0.19971537590026855,0.001561880111694336
1021,0.10024642944335938,0.0015392303466796875
1022,0.12998533248901367,0.0019159317016601562
1023,0.07987523078918457,0.0014429092407226562
1024,0.09036445617675781,0.0014452934265136719
1025,0.21008825302124023,0.0018401145935058594
1026,0.0895538330078125,0.025997400283813477
1027,0.1301267147064209,0.0014264583587646484
1028,0.0798194408416748,0.001371622085571289
1029,0.09019064903259277,0.001493692398071289
1030,0.20006775856018066,0.002418041229248047
1031,0.10091447830200195,0.0031654834747314453
1032,0.12971067428588867,0.023316621780395508
1033,0.07025527954101562,0.003731250762939453
1034,0.09958648681640625,0.00251007080078125
1035,0.24061012268066406,0.004248619079589844
1036,0.05986285209655762,0.003877878189086914
1037,0.1202843189239502,0.0040929317474365234
1038,0.07978987693786621,0.003985166549682617
1039,0.09981942176818848,0.0036575794219970703
1040,0.21042156219482422,0.004823923110961914
1041,0.08930611610412598,0.019168853759765625
1042,0.12001991271972656,0.022485971450805664
1043,0.09999728202819824,0.0026693344116210938
1044,0.08053445816040039,0.003996133804321289
1045,0.2098712921142578,0.004105329513549805
1046,0.1197817325592041,0.0039653778076171875
1047,0.07078790664672852,0.0046269893646240234
1048,0.11900758743286133,0.0029649734497070312
1049,0.07997417449951172,0.002707958221435547
1050,0.22101426124572754,0.004178524017333984
1051,0.07901859283447266,0.003002166748046875
1052,0.10031008720397949,0.003525257110595703
1053,0.12978053092956543,0.023134708404541016
1054,0.0704803466796875,0.003981113433837891
1055,0.209306001663208,0.004782915115356445
1056,0.09129071235656738,0.021833419799804688
1057,0.09931802749633789,0.019533395767211914
1058,0.09925532341003418,0.002561807632446289
1059,0.11005496978759766,0.0031256675720214844
1060,0.20115137100219727,0.0049626827239990234
1061,0.12918925285339355,0.003094911575317383
1062,0.05995345115661621,0.0030989646911621094
1063,0.11056303977966309,0.003521442413330078
1064,0.12980031967163086,0.004743099212646484
1065,0.16048359870910645,0.004315853118896484
1066,0.1491858959197998,0.004030466079711914
1067,0.05039334297180176,0.004052400588989258
1068,0.09942030906677246,0.002913951873779297
1069,0.1192171573638916,0.004105091094970703
1070,0.18131494522094727,0.004221439361572266
1071,0.18976593017578125,0.024454355239868164
1072,0.012061119079589844,0.01923394203186035
1073,0.09760451316833496,0.017273902893066406
1074,0.18065524101257324,0.004535675048828125
1075,0.11981439590454102,0.00255584716796875
1076,0.1597588062286377,0.0031795501708984375
1077,0.04002857208251953,0.003484487533569336
1078,0.0999293327331543,0.00457310676574707
1079,0.1288623809814453,0.0028107166290283203
1080,0.07077956199645996,0.0030260086059570312
1081,0.20091605186462402,0.003284454345703125
1082,0.0996103286743164,0.0041615962982177734
1083,0.10068631172180176,0.0041370391845703125
1084,0.09938859939575195,0.002660512924194336
1085,0.09896349906921387,0.0015459060668945312
1086,0.24010634422302246,0.001495361328125
1087,0.0603024959564209,0.014226436614990234
1088,0.09970879554748535,0.014055967330932617
1089,0.14008855819702148,0.0017805099487304688
1090,0.05988788604736328,0.0015158653259277344
1091,0.20999479293823242,0.0017406940460205078
1092,0.09011530876159668,0.0014929771423339844
1093,0.0999298095703125,0.0015354156494140625
1094,0.10981488227844238,0.012408256530761719
1095,0.09023332595825195,0.0014591217041015625
1096,0.21985793113708496,0.001995563507080078
1097,0.08025360107421875,0.001476287841796875
1098,0.10000228881835938,0.0014677047729492188
1099,0.15959429740905762,0.0015807151794433594
1100,0.04016470909118652,0.0015287399291992188
1101,0.2499690055847168,0.0016536712646484375
1102,0.06031441688537598,0.01408696174621582
1103,0.08975338935852051,0.014518022537231445
1104,0.12983942031860352,0.0013959407806396484
1105,0.07012319564819336,0.0015807151794433594
1106,0.19997620582580566,0.0014622211456298828
1107,0.10002541542053223,0.0014798641204833984
1108,0.10982823371887207,0.0017094612121582031
1109,0.09066534042358398,0.001529693603515625
1110,0.09953832626342773,0.0015439987182617188
1111,0.23026537895202637,0.001493215560913086
1112,0.06965017318725586,0.0014903545379638672
1113,0.1000826358795166,0.0015299320220947266
1114,0.12991976737976074,0.001928091049194336
1115,0.07038021087646484,0.012580156326293945
1116,0.20969796180725098,0.00147247314453125
1117,0.13987946510314941,0.014353275299072266
1118,0.050194501876831055,0.014356851577758789
1119,0.10980010032653809,0.0014128684997558594
1120,0.1101231575012207,0.0017781257629394531
1121,0.19980454444885254,0.0017974376678466797
1122,0.0902407169342041,0.0015196800231933594
1123,0.0899803638458252,0.0015211105346679688
1124,0.10995674133300781,0.0014526844024658203
1125,0.10004806518554688,0.0014696121215820312
1126,0.2201828956604004,0.003551006317138672
1127,0.0903768539428711,0.002855062484741211
1128,0.08028531074523926,0.002701282501220703
1129,0.1300661563873291,0.0038123130798339844
1130,0.10064935684204102,0.004180431365966797
1131,0.0694432258605957,0.0037903785705566406
1132,0.2001950740814209,0.004893779754638672
1133,0.1092984676361084,0.021245956420898438
1134,0.0898284912109375,0.020368099212646484
1135,0.10072875022888184,0.0025446414947509766
1136,0.09953498840332031,0.019387006759643555
1137,0.2002112865447998,0.0035779476165771484
1138,0.10054802894592285,0.0040073394775390625
1139,0.10019898414611816,0.004537343978881836
1140,0.0991971492767334,0.0034461021423339844
1141,0.13008475303649902,0.0034978389739990234
1142,0.18063640594482422,0.0041658878326416016
1143,0.08954882621765137,0.003503084182739258
1144,0.09966397285461426,0.004537343978881836
1145,0.1102457046508789,0.0026977062225341797
1146,0.12017440795898438,0.0042378902435302734
1147,0.1796402931213379,0.004917621612548828
1148,0.08981037139892578,0.021223068237304688
1149,0.10000920295715332,0.0203855037689209
1150,0.09972500801086426,0.0024034976959228516
1151,0.10092926025390625,0.0035753250122070312
1152,0.19979238510131836,0.004069089889526367
1153,0.10005879402160645,0.0034232139587402344
1154,0.09991168975830078,0.003997087478637695
1155,0.10010552406311035,0.003387928009033203
1156,0.12036609649658203,0.02547597885131836
1157,0.17891407012939453,0.0027778148651123047
1158,0.12059283256530762,0.004110574722290039
1159,0.08037829399108887,0.0042459964752197266
1160,0.09951019287109375,0.0028755664825439453
1161,0.11038970947265625,0.004469156265258789
1162,0.18943023681640625,0.003112316131591797
1163,0.1103827953338623,0.02555990219116211
1164,0.09931445121765137,0.02145218849182129
1165,0.12000775337219238,0.0027959346771240234
1166,0.09068703651428223,0.004790544509887695
1167,0.1698472499847412,0.0036826133728027344
1168,0.10970377922058105,0.0032961368560791016
1169,0.1003575325012207,0.0041332244873046875
1170,0.09979510307312012,0.003665924072265625
1171,0.10059881210327148,0.004133462905883789
1172,0.19974040985107422,0.005089998245239258
1173,0.09966588020324707,0.0037016868591308594
1174,0.10012245178222656,0.0035238265991210938
1175,0.10009479522705078,0.0038635730743408203
1176,0.09985589981079102,0.0035011768341064453
1177,0.19947147369384766,0.024283409118652344
1178,0.09055852890014648,0.003863811492919922
1179,0.09965705871582031,0.03893542289733887
1180,0.11021780967712402,0.0030164718627929688
1181,0.08984613418579102,0.0031709671020507812
1182,0.20945119857788086,0.0015804767608642578
1183,0.08979296684265137,0.0018439292907714844
1184,0.10066533088684082,0.0016231536865234375
1185,0.0995020866394043,0.0015110969543457031
1186,0.11003947257995605,0.0015842914581298828
1187,0.18998074531555176,0.001516103744506836
1188,0.14984655380249023,0.0015649795532226562
1189,0.05017495155334473,0.0015363693237304688
1190,0.1002039909362793,0.0015015602111816406
1191,0.1498563289642334,0.0015568733215332031
1192,0.16992974281311035,0.001592397689819336
1193,0.13882064819335938,0.001459360122680664
1194,0.04123663902282715,0.028443574905395508
1195,0.09989094734191895,0.0016489028930664062
1196,0.1305229663848877,0.0014963150024414062
1197,0.0993800163269043,0.01364898681640625
1198,0.21053409576416016,0.0015006065368652344
1199,0.05965685844421387,0.0014960765838623047
1200,0.1002957820892334,0.0017807483673095703
1201,0.10008478164672852,0.001798391342163086
1202,0.19956231117248535,0.0015268325805664062
1203,0.12976360321044922,0.0015785694122314453
1204,0.0702974796295166,0.0015060901641845703
1205,0.10985684394836426,0.0015096664428710938
1206,0.1302051544189453,0.0017547607421875
1207,0.15992140769958496,0.0015153884887695312
1208,0.11051392555236816,0.0014233589172363281
1209,0.09932374954223633,0.014942646026611328
1210,0.09009170532226562,0.014874935150146484
1211,0.12010383605957031,0.0015168190002441406
1212,0.1799168586730957,0.0017857551574707031
1213,0.1301116943359375,0.0018334388732910156
1214,0.08995747566223145,0.0015385150909423828
1215,0.07988834381103516,0.001463174819946289
1216,0.12038898468017578,0.001489877700805664
1217,0.18077898025512695,0.002148866653442383
1218,0.1188516616821289,0.013051748275756836
1219,0.10017037391662598,0.0015163421630859375
1220,0.07993364334106445,0.0014824867248535156
1221,0.13049864768981934,0.0014781951904296875
1222,0.1693112850189209,0.001573324203491211
1223,0.10136604309082031,0.0030701160430908203
1224,0.12994933128356934,0.004013776779174805
1225,0.06958985328674316,0.04352736473083496
1226,0.11963200569152832,0.0023910999298095703
1227,0.18080520629882812,0.004050254821777344
1228,0.10988783836364746,0.003932952880859375
1229,0.09030437469482422,0.0044403076171875
1230,0.09931778907775879,0.003448009490966797
1231,0.11054778099060059,0.003477811813354492
1232,0.1898972988128662,0.003259897232055664
1233,0.11111569404602051,0.00401759147644043
1234,0.08901000022888184,0.005115509033203125
1235,0.10893559455871582,0.0023872852325439453
1236,0.10104608535766602,0.0041408538818359375
1237,0.18994522094726562,0.004558086395263672
1238,0.10022640228271484,0.0040130615234375
1239,0.10935306549072266,0.020154476165771484
1240,0.11985445022583008,0.04017925262451172
1241,0.07053685188293457,0.003087282180786133
1242,0.2198343276977539,0.004241228103637695
1243,0.07990193367004395,0.0030057430267333984
1244,0.09984374046325684,0.0039958953857421875
1245,0.10021376609802246,0.0032508373260498047
1246,0.09983706474304199,0.0034897327423095703
1247,0.22024059295654297,0.005175113677978516
1248,0.0797269344329834,0.0040056705474853516
1249,0.10045719146728516,0.0031232833862304688
1250,0.12968015670776367,0.0038688182830810547
1251,0.07030701637268066,0.005229949951171875
1252,0.21975016593933105,0.003618001937866211
1253,0.07995176315307617,0.003409147262573242
1254,0.10060405731201172,0.004081010818481445
1255,0.16896653175354004,0.04720664024353027
1256,0.03900027275085449,0.0023963451385498047
1257,0.2015976905822754,0.0035169124603271484
1258,0.09010910987854004,0.003968954086303711
1259,0.1023244857788086,0.004302501678466797
1260,0.11710095405578613,0.020446062088012695
1261,0.07980990409851074,0.0029015541076660156
1262,0.2102503776550293,0.0030138492584228516
1263,0.08988475799560547,0.0030755996704101562
1264,0.10022091865539551,0.003586292266845703
1265,0.10006546974182129,0.004397392272949219
1266,0.09997987747192383,0.0036420822143554688
1267,0.27042245864868164,0.0042917728424072266
1268,0.02973628044128418,0.0031461715698242188
1269,0.09964752197265625,0.0031499862670898438
1270,0.12004995346069336,0.004109621047973633
1271,0.08027839660644531,0.0437626838684082
1272,0.26968836784362793,0.003849029541015625
1273,0.03011918067932129,0.0035490989685058594
1274,0.09970331192016602,0.0030803680419921875
1275,0.1001729965209961,0.0037620067596435547
1276,0.10220503807067871,0.003621339797973633
1277,0.19767236709594727,0.001528024673461914
1278,0.09952068328857422,0.001501321792602539
1279,0.10025238990783691,0.0014667510986328125
1280,0.10982990264892578,0.013424396514892578
1281,0.09019255638122559,0.0014829635620117188
1282,0.19970345497131348,0.0017724037170410156
1283,0.09993290901184082,0.0015196800231933594
1284,0.10053563117980957,0.0017218589782714844
1285,0.09939384460449219,0.0018916130065917969
1286,0.10015559196472168,0.029271841049194336
1287,0.19981694221496582,0.0015621185302734375
1288,0.1008303165435791,0.0015566349029541016
1289,0.09935140609741211,0.0015497207641601562
1290,0.10057640075683594,0.0013706684112548828
1291,0.0995335578918457,0.001537322998046875
1292,0.2298743724822998,0.0016112327575683594
1293,0.06994485855102539,0.0014967918395996094
1294,0.10037016868591309,0.00152587890625
1295,0.13953089714050293,0.0014090538024902344
1296,0.06016802787780762,0.0015125274658203125
1297,0.2300567626953125,0.002069234848022461
1298,0.08994936943054199,0.0015206336975097656
1299,0.0800323486328125,0.0017542839050292969
1300,0.13981890678405762,0.001741647720336914
1301,0.06003284454345703,0.048249244689941406
1302,0.2501518726348877,0.0018813610076904297
1303,0.059823036193847656,0.0014805793762207031
1304,0.09015202522277832,0.001497030258178711
1305,0.11985421180725098,0.0014646053314208984
1306,0.12012743949890137,0.0015087127685546875
1307,0.18029522895812988,0.00152587890625
1308,0.07973241806030273,0.0014607906341552734
1309,0.10003042221069336,0.0015211105346679688
1310,0.12067008018493652,0.0016155242919921875
1311,0.07912540435791016,0.001421213150024414
1312,0.22017145156860352,0.0015108585357666016
1313,0.0797567367553711,0.0014832019805908203
1314,0.10022878646850586,0.0015418529510498047
1315,0.11987185478210449,0.0014638900756835938
1316,0.0801544189453125,0.029447555541992188
1317,0.19999265670776367,0.0017611980438232422
1318,0.09999704360961914,0.0024847984313964844
1319,0.1006612777709961,0.0038530826568603516
1320,0.10068559646606445,0.004281282424926758
1321,0.12926697731018066,0.02040410041809082
1322,0.18004369735717773,0.0038890838623046875
1323,0.08998823165893555,0.003149747848510742
1324,0.10009503364562988,0.0041120052337646484
1325,0.10008502006530762,0.0033347606658935547
1326,0.0997316837310791,0.0034608840942382812
1327,0.21059298515319824,0.0032126903533935547
1328,0.09986233711242676,0.0039789676666259766
1329,0.12980008125305176,0.0035758018493652344
1330,0.06002020835876465,0.003896951675415039
1331,0.11071538925170898,0.004088640213012695
1332,0.1993389129638672,0.050142526626586914
1333,0.10964035987854004,0.002153635025024414
1334,0.08992362022399902,0.0025491714477539062
1335,0.09017586708068848,0.0033893585205078125
1336,0.11985564231872559,0.002798795700073242
1337,0.18060731887817383,0.004948854446411133
1338,0.09987735748291016,0.0031762123107910156
1339,0.1179192066192627,0.0040471553802490234
1340,0.0818946361541748,0.003247976303100586
1341,0.10018730163574219,0.003454446792602539
1342,0.20026779174804688,0.02898716926574707
1343,0.09961199760437012,0.002584695816040039
1344,0.09969663619995117,0.004069328308105469
1345,0.1002802848815918,0.003748178482055664
1346,0.10041046142578125,0.004084110260009766
1347,0.199690580368042,0.054291725158691406
1348,0.10908746719360352,0.0014715194702148438
1349,0.0906820297241211,0.0015344619750976562
1350,0.09974074363708496,0.0013606548309326172
1351,0.09954833984375,0.001413583755493164
1352,0.1998887062072754,0.0017242431640625
1353,0.10001873970031738,0.0014042854309082031
1354,0.10019516944885254,0.0014603137969970703
1355,0.09983706474304199,0.0017969608306884766
1356,0.10014009475708008,0.0015168190002441406
1357,0.20000982284545898,0.001504659652709961
1358,0.10001492500305176,0.0014605522155761719
1359,0.11102461814880371,0.0016202926635742188
1360,0.0888972282409668,0.0014278888702392578
1361,0.10000467300415039,0.002002716064453125
1362,0.2001340389251709,0.030011415481567383
1363,0.09980607032775879,0.01373434066772461
1364,0.1501331329345703,0.0017333030700683594
1365,0.04978227615356445,0.0014603137969970703
1366,0.10025143623352051,0.0014431476593017578
1367,0.19997310638427734,0.0014684200286865234
1368,0.09988927841186523,0.001497507095336914
1369,0.13013577461242676,0.0017118453979492188
1370,0.06982731819152832,0.0014390945434570312
1371,0.10008931159973145,0.001440286636352539
1372,0.20033931732177734,0.002054929733276367
1373,0.0996408462524414,0.0015099048614501953
1374,0.13010525703430176,0.001542806625366211
1375,0.06995439529418945,0.0014278888702392578
1376,0.10011529922485352,0.0014679431915283203
1377,0.19985079765319824,0.016019105911254883
1378,0.09984755516052246,0.015792131423950195
1379,0.1605522632598877,0.0014355182647705078
1380,0.039803504943847656,0.0014195442199707031
1381,0.10015058517456055,0.0014874935150146484
1382,0.2000112533569336,0.001459360122680664
1383,0.09985709190368652,0.013775110244750977
1384,0.12089776992797852,0.0016088485717773438
1385,0.0791473388671875,0.0013840198516845703
1386,0.09978818893432617,0.0014629364013671875
1387,0.20997953414916992,0.00177001953125
1388,0.09032225608825684,0.0014674663543701172
1389,0.13021087646484375,0.001990795135498047
1390,0.08001399040222168,0.002930879592895508
1391,0.08990335464477539,0.003062725067138672
1392,0.2005906105041504,0.029053688049316406
1393,0.09932947158813477,0.02124619483947754
1394,0.11038804054260254,0.0031130313873291016
1395,0.12042665481567383,0.003816843032836914
1396,0.06994032859802246,0.0040476322174072266
1397,0.21007800102233887,0.004721164703369141
1398,0.09978508949279785,0.002532482147216797
1399,0.08999872207641602,0.0025217533111572266
1400,0.09970998764038086,0.003338336944580078
1401,0.10037994384765625,0.004095792770385742
1402,0.20003700256347656,0.004174470901489258
1403,0.09980082511901855,0.0033316612243652344
1404,0.1196753978729248,0.02356576919555664
1405,0.08011507987976074,0.0034618377685546875
1406,0.22038602828979492,0.0052335262298583984
1407,0.09932255744934082,0.0026330947875976562
1408,0.09008550643920898,0.046059608459472656
1409,0.09032416343688965,0.003606557846069336
1410,0.10951900482177734,0.0022046566009521484
1411,0.09062838554382324,0.0030591487884521484
1412,0.210160493850708,0.004091501235961914
1413,0.11991333961486816,0.003988742828369141
1414,0.07010722160339355,0.004034996032714844
1415,0.09958958625793457,0.0034220218658447266
1416,0.10024142265319824,0.004183769226074219
1417,0.19986200332641602,0.004220008850097656
1418,0.10060596466064453,0.0027811527252197266
1419,0.0991048812866211,0.004213571548461914
1420,0.1004023551940918,0.003473043441772461
1421,0.12044262886047363,0.003561258316040039
1422,0.1795647144317627,0.005209207534790039
1423,0.10001540184020996,0.02212047576904297
1424,0.10042834281921387,0.023241758346557617
1425,0.09951567649841309,0.019284725189208984
1426,0.10985660552978516,0.003094196319580078
1427,0.19863319396972656,0.003175973892211914
1428,0.10171627998352051,0.0039408206939697266
1429,0.09000825881958008,0.0040476322174072266
1430,0.09952282905578613,0.003397703170776367
1431,0.12022542953491211,0.004016399383544922
1432,0.1800072193145752,0.003592252731323242
1433,0.10991096496582031,0.0034875869750976562
1434,0.09037470817565918,0.004006624221801758
1435,0.09969186782836914,0.0030765533447265625
1436,0.09997415542602539,0.004033803939819336
1437,0.20034122467041016,0.0035839080810546875
1438,0.14977645874023438,0.025331974029541016
1439,0.04996681213378906,0.025640487670898438
1440,0.09946966171264648,0.002249002456665039
1441,0.10079169273376465,0.0038650035858154297
1442,0.18966078758239746,0.004700660705566406
1443,0.11025667190551758,0.0029876232147216797
1444,0.09966540336608887,0.004083871841430664
1445,0.10023665428161621,0.003193378448486328
1446,0.09993958473205566,0.025624990463256836
1447,0.09998965263366699,0.003177642822265625
1448,0.2099912166595459,0.0036292076110839844
1449,0.09002494812011719,0.003866434097290039
1450,0.10036540031433105,0.004014015197753906
1451,0.14942097663879395,0.0033338069915771484
1452,0.05022478103637695,0.0027680397033691406
1453,0.24007534980773926,0.004096031188964844
1454,0.05991005897521973,0.04437732696533203
1455,0.09955739974975586,0.002549409866333008
1456,0.14990234375,0.0036656856536865234
1457,0.07016587257385254,0.002853870391845703
1458,0.20055031776428223,0.004709959030151367
1459,0.1297309398651123,0.00396275520324707
1460,0.049965858459472656,0.002280712127685547
1461,0.12038445472717285,0.0030281543731689453
1462,0.06975960731506348,0.004122018814086914
1463,0.2390270233154297,0.004710197448730469
1464,0.061115264892578125,0.004199504852294922
1465,0.09942865371704102,0.002530336380004883
1466,0.13044333457946777,0.0038526058197021484
1467,0.0699763298034668,0.022916555404663086
1468,0.22939205169677734,0.0023589134216308594
1469,0.09940290451049805,0.016865253448486328
1470,0.07035064697265625,0.016434669494628906
1471,0.1098330020904541,0.0014128684997558594
1472,0.11010575294494629,0.0015654563903808594
1473,0.19098353385925293,0.0018727779388427734
1474,0.08956646919250488,0.0015192031860351562
1475,0.09948945045471191,0.0014832019805908203
1476,0.11873006820678711,0.00171661376953125
1477,0.08173346519470215,0.0017733573913574219
1478,0.21025824546813965,0.0015728473663330078
1479,0.08902931213378906,0.0014619827270507812
1480,0.15017414093017578,0.0018382072448730469
1481,0.06992554664611816,0.0017423629760742188
1482,0.08995795249938965,0.0014801025390625
1483,0.1904294490814209,0.001501321792602539
1484,0.0998539924621582,0.017601966857910156
1485,0.12024569511413574,0.016466140747070312
1486,0.07995414733886719,0.0014107227325439453
1487,0.10001254081726074,0.014188528060913086
1488,0.20999526977539062,0.0014727115631103516
1489,0.0897216796875,0.0014772415161132812
1490,0.09995818138122559,0.001499176025390625
1491,0.09996914863586426,0.0017552375793457031
1492,0.09985136985778809,0.001531839370727539
1493,0.20047450065612793,0.00182342529296875
1494,0.09988760948181152,0.001375436782836914
1495,0.10016846656799316,0.0014679431915283203
1496,0.09978127479553223,0.0013890266418457031
1497,0.11014723777770996,0.0015301704406738281
1498,0.19001507759094238,0.0014884471893310547
1499,0.09997296333312988,0.016897201538085938
1500,0.11022353172302246,0.016640901565551758
1501,0.08951926231384277,0.0015001296997070312
1502,0.10001492500305176,0.001461029052734375
1503,0.2099170684814453,0.0014748573303222656
1504,0.08985686302185059,0.001397848129272461
1505,0.1099386215209961,0.0018010139465332031
1506,0.09017205238342285,0.0017070770263671875
1507,0.10006856918334961,0.014713525772094727
1508,0.1999802589416504,0.0017681121826171875
1509,0.09994840621948242,0.0014498233795166016
1510,0.12035322189331055,0.001796722412109375
1511,0.0798647403717041,0.00144195556640625
1512,0.10092663764953613,0.003732919692993164
1513,0.19999003410339355,0.004145622253417969
1514,0.10000085830688477,0.0041446685791015625
1515,0.12994909286499023,0.052925825119018555
1516,0.06990218162536621,0.003782033920288086
1517,0.1000363826751709,0.0024957656860351562
1518,0.23968243598937988,0.0032012462615966797
1519,0.059945106506347656,0.003036975860595703
1520,0.10022783279418945,0.003556966781616211
1521,0.10007524490356445,0.003790140151977539
1522,0.10020780563354492,0.004324197769165039
1523,0.1998121738433838,0.004309654235839844
1524,0.10011005401611328,0.0035495758056640625
1525,0.13972711563110352,0.004643917083740234
1526,0.06026029586791992,0.004059314727783203
